{"cameraMode":{"drawMode":0,"name":"Shaded","section":"Shading Mode"},"sceneLighting":false,"audioPlay":false,"sceneViewState":{"showFog":true,"showMaterialUpdate":false,"showSkybox":false,"showFlares":true,"showImageEffects":true,"showParticleSystems":true},"in2DMode":false,"pivot":{"x":-0.09311099350452423,"y":-0.5560380220413208,"z":-0.13037109375},"rotation":{"x":0.13477596640586854,"y":0.10088431090116501,"z":-0.013795509934425354,"w":0.9856317043304443},"size":1.8759211301803589,"orthographic":true}