{"cameraMode":{"drawMode":0,"name":"Shaded","section":"Shading Mode"},"sceneLighting":false,"audioPlay":false,"sceneViewState":{"showFog":true,"showMaterialUpdate":false,"showSkybox":false,"showFlares":true,"showImageEffects":true,"showParticleSystems":true},"in2DMode":false,"pivot":{"x":-0.0029524564743041994,"y":-0.0021857619285583498,"z":-0.2081906944513321},"rotation":{"x":0.26529523730278017,"y":-0.3811364471912384,"z":0.11514788866043091,"w":0.8781198859214783},"size":0.13956347107887269,"orthographic":true}